id,penalty,l1_ratio,alpha,max_iter,random_state,n_jobs,n_samples,n_features,n_classes,n_clusters_per_class,n_informative,flip_y,scale,time
0,none,0.304082638,0.0001,417,475,-1,1089,327,4,3,7,0.074797949,24.24200893,0.409987211
1,l1,0.72774418,0.001,578,569,1,790,373,4,5,7,0.07778087,54.62630195,3.950952768
2,none,0.745885422,0.01,588,529,2,428,1198,2,5,6,0.030196244,17.99996401,0.368701935
3,none,0.474605082,0.001,829,103,4,877,313,6,5,7,0.057261112,82.25722237,1.00455904
4,elasticnet,0.395049437,0.001,167,418,2,216,644,8,5,11,0.073727701,95.51560076,0.802800179
5,l1,0.358837496,0.001,986,94,4,1396,861,4,2,6,0.097483381,31.97344681,7.916113138
6,none,0.758565384,0.0001,929,532,2,908,691,5,2,6,0.095324283,98.23836667,2.206062078
7,l1,0.282840611,0.0001,422,143,8,677,737,9,5,8,0.040463255,54.62820555,2.407142639
8,l1,0.766175888,0.01,308,85,8,498,1191,2,4,9,0.025638762,54.16634645,1.002341032
9,l2,0.249018493,0.001,510,574,8,1380,803,9,5,10,0.024620435,75.04805404,1.607144356
10,none,0.868099569,0.0001,479,535,8,1178,1047,7,4,8,0.017704942,73.65881618,0.905699253
11,l2,0.574206129,0.0001,259,960,2,860,639,10,2,11,0.036164815,82.90484142,1.003841877
12,elasticnet,0.421956091,0.001,618,460,4,628,195,3,5,9,0.077583935,12.87001034,0.803386688
13,l2,0.498461212,0.01,668,503,8,500,1370,9,4,8,0.085757082,47.61937706,1.2073915
14,l2,0.65872421,0.0001,386,66,2,907,1090,5,3,9,0.087698511,43.70476988,1.507311583
15,none,0.193891725,0.0001,103,288,2,111,573,3,3,8,0.005868679,23.33802954,0.1017344
16,none,0.796022768,0.01,691,947,1,484,1276,3,5,7,0.087911403,86.08049312,1.564079523
17,elasticnet,0.63175043,0.01,719,259,2,103,209,9,3,9,0.054385066,76.88807496,0.603312254
18,elasticnet,0.431558588,0.001,265,895,4,646,1001,3,5,7,0.025358379,53.09529102,1.405600786
19,elasticnet,0.734566114,0.0001,365,736,2,1251,877,4,4,11,0.043639043,89.98466959,6.013842106
20,none,0.728533262,0.001,213,101,4,222,128,6,4,8,0.000841724,20.91917088,0.104153633
21,elasticnet,0.660038854,0.001,280,443,8,336,646,3,5,6,0.066471638,17.7119632,0.50413084
22,none,0.677498028,0.0001,213,445,2,859,562,8,2,9,0.031038686,43.45140269,0.603173494
23,none,0.184389982,0.01,306,446,-1,704,611,10,5,8,0.025607122,26.31383823,0.308613777
24,l1,0.501121654,0.0001,695,254,2,893,405,3,2,6,0.084396772,90.24700006,3.107063532
25,none,0.627662201,0.001,871,499,1,173,468,6,3,9,0.047897248,52.69709212,0.542533159
26,elasticnet,0.324578263,0.001,973,987,2,426,245,7,3,9,0.04222734,81.57823513,3.107123852
27,l2,0.85619463,0.0001,763,834,4,584,130,6,4,11,0.088963517,39.5414293,0.302662849
28,none,0.247042603,0.001,130,854,-1,1244,960,10,2,9,0.042828111,19.31355411,0.307452917
29,none,0.634387546,0.01,846,531,2,409,1243,9,5,11,0.028190908,56.1598627,2.706452608
30,l2,0.851089074,0.001,362,610,-1,1052,973,9,2,10,0.028050896,84.78298125,0.710374594
31,l2,0.821664209,0.001,161,978,2,621,1037,6,5,7,0.098146975,67.65263265,0.403149605
32,l2,0.654283855,0.0001,944,678,4,151,835,3,4,9,0.021448468,56.5276906,0.202348232
33,l1,0.325769451,0.001,420,390,4,1058,607,8,3,7,0.096584654,32.41464413,3.708951235
34,none,0.797149359,0.001,794,684,2,826,327,3,5,10,0.064560723,71.06891425,0.803497791
35,elasticnet,0.415559571,0.001,639,205,2,418,768,4,4,8,0.028196963,8.132057461,2.906409979
36,none,0.740437099,0.01,735,524,2,1071,889,9,4,10,0.00783966,38.66135659,5.011070013
37,none,0.378960012,0.001,265,571,8,602,530,3,4,7,0.011067881,61.64210878,0.204308033
38,l1,0.884007579,0.0001,944,502,2,1396,493,10,2,11,0.091744692,61.53857987,22.13564038
39,none,0.671603942,0.001,123,525,2,267,509,7,5,9,0.090634175,78.06038637,0.103012323
40,l1,0.245255087,0.001,452,293,-1,1194,1028,8,2,8,0.06670479,64.35453322,3.616493225
41,elasticnet,0.123018065,0.001,833,375,4,219,1309,5,4,9,0.024287178,10.26957643,3.208013535
42,l2,0.667570778,0.001,976,842,8,1217,113,7,4,11,0.0720008,43.5834977,0.5041821
43,none,0.669810869,0.01,913,713,-1,329,806,3,3,7,0.06429757,87.97230491,0.408014536
44,l2,0.895219919,0.01,255,264,4,1064,627,7,4,8,0.042556025,2.71073665,0.503879786
45,l2,0.31950425,0.001,420,434,2,1366,944,5,5,9,0.056887551,92.74873645,2.107222319
46,elasticnet,0.440556267,0.0001,480,139,2,1047,523,6,3,7,0.041008925,34.27439878,6.31253767
47,elasticnet,0.718741419,0.0001,335,233,2,952,1379,7,5,12,0.069351444,5.965018568,12.42343616
48,elasticnet,0.541496591,0.001,757,717,1,910,1059,5,2,10,0.028574634,99.66447325,25.18621421
49,none,0.449655784,0.0001,513,658,-1,107,154,10,2,7,0.081394423,6.651352636,0.106933832
50,l1,0.769557181,0.0001,769,601,8,1152,233,8,2,11,0.022866477,40.02270228,2.307451248
51,elasticnet,0.523537899,0.01,686,191,4,486,369,5,5,9,0.069092009,99.10231999,1.805185318
52,l1,0.661151908,0.0001,172,485,1,1284,826,6,3,7,0.066881772,55.35308722,6.076055527
53,elasticnet,0.520763815,0.001,397,670,2,497,770,2,5,10,0.072962654,52.9848701,1.04891777
54,elasticnet,0.167353545,0.001,199,527,8,637,415,3,4,9,0.005147937,55.19891497,0.505056381
55,l1,0.166331607,0.0001,735,216,1,1313,686,3,4,9,0.003371858,95.43242066,10.91638327
56,elasticnet,0.53732723,0.01,939,533,-1,280,585,7,4,10,0.030784563,96.31701637,1.307864904
57,l2,0.57837129,0.001,526,675,-1,476,481,8,4,12,0.093173107,90.58993805,0.207501888
58,none,0.136282869,0.0001,727,543,4,1290,1048,7,3,7,0.014083648,17.72083983,2.608286381
59,none,0.333592677,0.01,686,6,8,1039,431,4,4,10,0.020258697,5.774012522,0.605003119
60,none,0.533076732,0.001,758,454,8,1234,1252,4,3,10,0.01930983,32.55263758,1.608695269
61,none,0.698590719,0.01,600,778,1,763,1394,2,4,10,0.010422642,19.84628021,0.783116817
62,l1,0.145860937,0.0001,315,812,2,1157,459,4,3,9,0.094500552,61.03125695,2.506043673
63,l1,0.780078639,0.0001,839,788,2,239,211,9,2,7,0.084203239,80.18689158,1.504099846
64,none,0.847648596,0.01,560,206,1,1351,162,9,5,11,0.004227883,64.22695031,1.992304325
65,l1,0.764424187,0.001,275,78,8,592,316,5,3,9,0.008014936,95.61217465,0.403861761
66,none,0.795942099,0.001,401,801,1,663,1295,8,2,11,0.01464719,39.99192763,3.355512619
67,l2,0.429501157,0.0001,924,439,4,388,707,3,5,10,0.088978836,25.31745482,0.403793573
68,l2,0.884469583,0.01,370,137,8,517,1263,8,4,11,0.082320399,79.59594837,0.404758692
69,l2,0.781358065,0.001,373,763,4,1273,339,2,5,8,0.031474288,28.36454837,0.296210051
70,none,0.72219194,0.001,764,493,8,664,1073,3,2,6,0.069920205,68.18126303,0.705033541
71,l2,0.573314224,0.01,274,744,2,733,262,4,3,8,0.096451485,61.88778305,0.302229166
72,l1,0.289755543,0.01,270,324,1,1296,1264,5,2,10,0.073049491,36.78157137,12.60606813
73,l2,0.633055346,0.0001,212,528,1,545,1099,5,3,7,0.027015069,5.081792131,0.783214331
74,l2,0.81609605,0.001,251,194,8,555,1121,4,4,7,0.023355714,91.55558503,0.304872513
75,l1,0.438420129,0.0001,460,2,-1,1126,1155,5,3,9,0.047942215,25.32395359,3.617695093
76,elasticnet,0.168126923,0.01,737,958,2,1050,809,8,4,10,0.083376168,97.33345437,18.02988076
77,none,0.225920674,0.001,797,646,1,819,543,4,2,8,0.029815752,95.31878888,1.807029486
78,l1,0.715864725,0.01,423,651,1,869,311,4,2,6,0.039076711,8.238954436,2.675535679
79,l2,0.724333125,0.001,689,724,1,469,980,3,2,8,0.022630224,72.73738518,1.169397116
80,l2,0.470237755,0.0001,817,636,-1,977,281,5,3,9,0.050181802,8.632763027,0.508998156
81,elasticnet,0.68153135,0.0001,803,484,4,727,695,9,3,10,0.0279136,3.809690198,8.816298008
82,elasticnet,0.719170987,0.01,765,588,2,716,1326,2,5,7,0.025159336,36.20335816,4.876769543
83,elasticnet,0.678089485,0.0001,247,245,4,229,947,9,4,9,0.057513332,3.190432879,1.204249382
84,l1,0.20282013,0.001,870,996,1,679,291,10,5,9,0.053321778,50.37560776,10.1505723
85,none,0.547567881,0.01,303,991,2,316,604,3,3,10,0.043787106,44.34279013,0.202739
86,elasticnet,0.614457681,0.0001,723,528,-1,622,655,2,5,10,0.010718198,80.29550416,2.045994282
87,none,0.660290077,0.0001,443,747,-1,366,1020,3,3,7,0.016837862,77.61048894,0.308437824
88,elasticnet,0.347747242,0.01,749,842,4,1336,696,2,2,7,0.069031415,31.8703402,3.989420652
89,elasticnet,0.216456478,0.01,816,481,2,178,187,10,2,11,0.060596167,33.88345782,1.104005098
90,none,0.41910317,0.001,519,737,-1,956,586,9,4,11,0.061948525,14.38972396,0.609313726
91,none,0.257926045,0.001,696,75,8,1261,877,3,3,9,0.081730947,2.438532767,1.106198549
92,l1,0.521327556,0.01,453,553,4,599,732,4,3,9,0.060835086,21.2074382,1.304980755
93,l2,0.107835224,0.0001,277,622,8,1118,478,5,5,9,0.005698099,62.73751881,0.304014206
94,elasticnet,0.796808239,0.001,738,565,4,141,1137,4,2,8,0.000474221,23.97828437,0.903513908
95,none,0.352792608,0.001,105,120,4,1057,1263,6,4,8,0.0048174,42.03845886,0.404728889
96,l1,0.680040984,0.01,291,266,8,1283,1159,4,4,11,0.09058378,26.43823506,2.810808659
97,elasticnet,0.25073793,0.01,674,1000,8,1220,729,6,2,6,0.003299097,85.98874629,4.412492514
98,l2,0.193841767,0.01,277,955,8,619,280,5,2,7,0.045053202,96.42851189,0.204115391
99,elasticnet,0.254140823,0.001,348,990,4,1150,300,4,5,8,0.093057824,98.07395408,1.404977798
100,l1,0.712111342,0.01,483,211,-1,1299,130,6,3,9,0.015476462,94.52401721,1.110111237
101,none,0.836964712,0.01,392,170,4,1192,1195,8,5,8,0.069605395,60.15583045,1.709271669
102,elasticnet,0.552268164,0.0001,105,230,-1,1063,922,10,5,8,0.021835745,25.32858058,1.113870144
103,l2,0.695610175,0.0001,832,973,-1,948,1299,8,2,9,0.012388355,7.079640745,1.511168242
104,l2,0.835906297,0.01,982,214,4,581,605,6,5,10,0.031223134,15.35190943,0.904152155
105,l2,0.371446745,0.001,875,752,8,784,650,5,3,9,0.033795422,83.25792977,0.704808235
106,l2,0.69471057,0.01,322,533,-1,1182,310,8,2,8,0.046450905,13.39221447,0.307986021
107,none,0.265930313,0.0001,254,798,-1,641,952,6,4,11,0.008695688,28.60144257,0.306227207
108,l2,0.325783657,0.01,555,631,-1,1285,1227,8,4,8,0.008037585,66.71466472,1.310632706
109,l2,0.603925597,0.0001,462,179,4,328,1039,7,5,8,0.025783834,70.1185464,0.403601885
110,none,0.141592547,0.001,794,196,4,972,516,3,3,7,0.093205053,70.87900403,0.603680611
111,l2,0.5424551,0.01,478,675,4,252,483,2,4,8,0.002610212,35.22568364,0.075341702
112,none,0.693407692,0.0001,316,728,4,707,300,2,4,8,0.009515852,31.19279889,0.091724634
113,l1,0.266051894,0.01,638,695,4,444,149,5,3,8,0.01349328,87.95687312,0.603157759
114,elasticnet,0.609551203,0.001,493,629,4,1105,637,2,3,6,0.015737663,4.748500638,2.221226215
115,elasticnet,0.33534869,0.001,895,157,8,752,1080,4,3,10,0.047941674,84.18964005,5.613289118
116,none,0.158176886,0.001,902,9,8,1194,480,7,4,8,0.051571712,46.50837493,1.105895042
117,elasticnet,0.834040191,0.0001,224,697,8,1330,589,4,2,10,0.072489928,32.81719608,1.507113457
118,none,0.364383183,0.01,820,155,4,1274,1318,7,4,10,0.038617116,76.76954814,3.912236452
119,elasticnet,0.104949134,0.0001,500,505,-1,1339,1047,7,3,11,0.076236112,7.063580261,5.622286558
120,l1,0.836016366,0.01,113,7,2,624,816,9,4,11,0.013258724,88.27767317,1.705229282
121,elasticnet,0.26348437,0.01,112,664,4,1047,179,5,5,9,0.020412965,59.35628169,0.402889013
122,l1,0.337113003,0.0001,444,539,8,719,118,10,5,12,0.091920121,69.02926792,0.904348373
123,l2,0.419010326,0.001,907,868,4,1321,1026,3,2,5,0.017778487,35.12943855,1.707449436
124,elasticnet,0.735276939,0.001,510,999,-1,281,343,4,2,8,0.059310243,44.58926385,0.509044409
125,elasticnet,0.405188893,0.0001,442,119,-1,578,1035,7,4,9,0.056843922,35.76619802,2.212547541
126,elasticnet,0.815379107,0.0001,957,532,1,1395,802,3,2,7,0.002301651,79.58992668,22.32152057
127,elasticnet,0.405089389,0.0001,122,792,4,497,1030,4,3,9,0.058777205,14.29243786,0.504525423
128,none,0.700697318,0.0001,119,202,4,433,863,9,2,11,0.096261301,4.762443648,0.202792168
129,l1,0.696817336,0.0001,719,538,4,444,838,10,2,9,0.019043848,68.37654534,4.810433149
130,l2,0.258808068,0.01,522,539,2,1275,883,4,2,7,0.011512891,50.23796359,1.505801439
131,l1,0.128370495,0.01,452,55,4,256,1095,6,3,7,0.042865431,66.76752625,1.505218983
132,l2,0.480889655,0.001,451,12,8,1231,262,6,2,10,0.034021235,77.88936693,0.404916525
133,elasticnet,0.256333,0.0001,334,368,4,873,1024,8,3,8,0.073236414,56.14595973,4.510543346
134,l2,0.83390177,0.0001,350,42,1,936,1397,5,2,8,0.074278569,15.5207103,2.897520304
135,l1,0.125200337,0.0001,711,892,8,267,142,2,2,9,0.084009744,88.03324147,0.152798653
136,elasticnet,0.83112815,0.001,592,769,1,191,805,8,3,7,0.029973246,18.28637798,5.008789539
137,elasticnet,0.491286259,0.01,707,127,8,1074,508,8,3,7,0.079101611,20.8795863,3.209592342
138,elasticnet,0.703836507,0.01,600,381,4,1284,830,3,3,7,0.095830459,14.23217095,4.411065578
139,l2,0.612040387,0.01,552,180,-1,1172,756,2,3,8,0.04739655,61.33570819,0.621322393
140,elasticnet,0.647343365,0.0001,934,582,-1,703,1190,2,5,8,0.012635685,10.12294776,5.368126392
141,elasticnet,0.760179375,0.001,701,0,-1,881,997,9,3,8,0.023105979,38.80710656,4.818053484
142,l1,0.596166933,0.0001,464,924,1,1378,223,6,3,8,0.03714907,50.74215838,6.450396299
143,l1,0.856176529,0.001,446,13,8,837,414,3,3,6,0.012444655,28.44314439,1.105915785
144,l2,0.875811512,0.01,431,19,4,1256,761,2,3,7,0.090040005,77.04604078,0.528844595
145,l1,0.884154681,0.01,190,192,4,194,1037,3,4,7,0.069060864,11.03793604,0.302906036
146,none,0.310505371,0.0001,761,671,1,1021,1362,9,5,11,0.09794672,98.85266974,11.71516609
147,l1,0.824461231,0.0001,902,99,1,107,1384,8,5,8,0.015682108,77.88234755,5.963968277
148,none,0.186410519,0.001,286,740,4,321,861,10,2,9,0.091487673,60.56571401,0.303084135
149,none,0.124167299,0.0001,434,745,-1,1351,1020,3,3,9,0.011966249,7.163308468,0.811238527
150,l2,0.379461263,0.01,511,919,-1,742,146,8,3,11,0.014524126,74.94620146,0.20758462
151,elasticnet,0.680272509,0.0001,326,600,1,128,572,5,2,10,0.054860768,97.64149244,0.835600853
152,elasticnet,0.348460003,0.001,664,397,-1,476,548,6,5,11,0.043738777,28.92396987,1.51012969
153,l2,0.41493716,0.0001,953,74,2,385,545,8,2,10,0.067867672,75.92954738,1.203916073
154,none,0.776581322,0.0001,221,628,-1,536,655,10,5,9,0.019354151,73.06336646,0.207169294
155,none,0.602279508,0.0001,476,641,-1,1311,1123,6,5,9,0.099467631,19.8562598,0.910289049
156,l1,0.298077916,0.001,952,819,1,717,814,6,3,8,0.083515709,15.58268425,18.20137239
157,l2,0.275326096,0.01,454,778,2,999,458,7,3,10,0.082199494,48.54848961,1.305962324
158,none,0.286940421,0.001,778,282,4,553,1333,7,5,8,0.034559049,61.61805388,1.405981779
159,l1,0.696746835,0.001,143,554,8,141,1226,2,2,8,0.057746734,89.68216741,0.139347315
160,none,0.468688774,0.01,958,646,1,194,181,3,2,7,0.074286206,60.80798475,0.14248848
161,elasticnet,0.221786894,0.01,640,964,4,485,857,4,5,10,0.087633548,68.16235977,2.00579977
162,l1,0.872090085,0.01,352,558,2,1197,675,9,2,7,0.064073591,56.94033005,8.816213369
163,none,0.438062373,0.01,204,98,-1,166,803,6,4,7,0.005976657,93.99294884,0.108281851
164,none,0.699754682,0.01,943,838,2,343,1195,8,3,9,0.018574091,16.38882782,1.905147552
165,l1,0.199683427,0.0001,880,789,8,639,1191,9,3,11,0.092404956,1.91238971,7.415954828
166,l1,0.525331353,0.01,898,874,4,338,1064,6,5,10,0.068692284,69.81606229,3.808150768
167,none,0.705620357,0.01,900,878,4,184,1076,5,4,9,0.02384923,9.76938823,0.503054619
168,elasticnet,0.507148549,0.0001,727,881,-1,663,900,10,3,9,0.041995371,20.46776908,3.618200064
169,l1,0.361828136,0.01,948,732,1,271,1063,4,4,8,0.050313781,12.86623809,5.927548409
170,elasticnet,0.533220801,0.001,878,447,1,160,227,10,2,9,0.021788791,3.486242576,2.075516701
171,none,0.784826608,0.01,726,559,1,1048,357,10,3,8,0.076115811,14.77606507,4.705183268
172,l2,0.490443131,0.01,732,871,1,299,1081,7,3,8,0.051651957,38.23551592,2.02889967
173,elasticnet,0.283451817,0.01,911,612,2,760,724,10,3,11,0.033390801,53.70549241,16.92639995
174,l2,0.23342504,0.01,780,810,4,1142,1079,10,3,11,0.020693493,58.50041572,3.70978117
175,none,0.803398851,0.01,761,303,2,145,1318,4,2,9,0.045213329,5.175807697,0.402719975
176,l1,0.386435973,0.01,202,873,8,867,999,6,4,7,0.07497883,42.46653024,1.20643568
177,l1,0.497070093,0.01,420,883,1,886,1213,5,3,9,0.099760218,36.47172491,12.56846571
178,elasticnet,0.768319931,0.0001,715,91,1,1107,757,8,2,10,0.075669122,40.09827203,33.45044708
179,elasticnet,0.475773937,0.0001,414,872,2,1017,872,7,5,8,0.078864767,23.15347348,10.51932883
180,elasticnet,0.407026086,0.001,147,299,4,543,1039,10,5,12,0.057500188,87.91822286,1.90612936
181,elasticnet,0.675189266,0.001,389,574,4,906,147,7,3,11,0.077373524,82.42644201,1.304673672
182,none,0.396101777,0.0001,159,556,4,999,1000,7,2,8,0.003856737,1.908348999,0.504334688
183,l1,0.83846299,0.001,998,418,-1,831,193,10,5,8,0.050863896,50.84866376,1.812030792
184,l2,0.700660242,0.0001,930,899,2,700,1152,8,2,11,0.039273038,6.392235088,3.70854187
185,elasticnet,0.563439655,0.01,875,177,-1,802,676,8,5,10,0.099586208,45.84785365,3.61275959
186,elasticnet,0.588019154,0.0001,856,573,2,1029,306,8,2,7,0.015516412,45.22485526,9.815907955
187,elasticnet,0.326674994,0.01,427,128,4,913,572,6,3,10,0.038678529,93.03721661,3.409080029
188,l1,0.158059866,0.01,782,26,-1,308,1192,3,5,6,0.013620028,98.54425791,1.711677551
189,l1,0.695892457,0.001,105,374,2,1058,549,7,3,7,0.008472214,74.75214642,1.504757404
190,l2,0.349338199,0.01,907,329,4,164,779,7,2,7,0.020502178,43.38737102,0.303043604
191,none,0.100355768,0.01,374,640,2,750,504,7,4,10,0.078479387,14.61917737,0.903428078
192,elasticnet,0.623525014,0.0001,692,120,4,144,1206,5,3,8,0.09437394,16.65568837,1.806587458
193,l1,0.122518042,0.0001,228,140,4,395,931,5,5,7,0.046067091,48.40266842,1.006319046
194,none,0.188190131,0.01,876,414,2,776,717,9,3,10,0.02150674,77.71206752,3.207613707
195,l2,0.400090456,0.001,824,320,8,676,1199,6,5,8,0.095689024,98.22373212,1.006120682
196,l1,0.795043415,0.0001,998,198,1,1358,323,2,5,8,0.071029898,13.71550989,3.660505295
197,none,0.178155134,0.001,670,939,1,559,178,7,5,8,0.073608124,25.23518314,0.778235435
198,elasticnet,0.615078046,0.001,435,286,8,769,347,9,5,12,0.066912612,71.38287334,1.907328844
199,none,0.629244562,0.0001,781,974,1,703,1130,3,4,8,0.004793702,99.62451575,2.277281046
200,elasticnet,0.439811243,0.0001,788,264,8,965,804,2,2,7,0.010796368,17.3046911,4.23216176
201,none,0.38181674,0.01,300,245,8,206,1341,7,2,8,0.032642282,97.37769513,0.205871344
202,none,0.170209385,0.01,761,828,-1,1198,587,10,3,9,0.020567128,62.06268403,1.210453749
203,elasticnet,0.750688015,0.001,489,22,8,1026,252,3,4,8,0.075448348,32.12973631,1.506068945
204,l1,0.859138993,0.0001,728,309,8,384,715,4,4,10,0.029505998,61.25147047,1.305463314
205,elasticnet,0.429557752,0.001,884,330,-1,179,1382,3,5,10,0.066830947,83.06208972,1.708337545
206,l2,0.334832627,0.0001,301,970,8,984,1299,6,4,8,0.034604225,62.07683092,0.606161833
207,none,0.165873567,0.0001,536,966,4,1077,714,7,3,10,0.074795405,65.29182937,1.105164289
208,l2,0.444339548,0.0001,436,901,8,1253,899,5,5,11,0.043947201,38.52550212,0.707425356
209,none,0.214200629,0.01,836,843,-1,124,1364,2,5,7,0.024646386,53.34585986,0.173743486
210,l2,0.51317846,0.001,441,590,8,659,892,7,5,10,0.023442594,67.45860085,0.404516459
211,none,0.126389576,0.001,454,0,8,435,1088,6,4,10,0.081765266,30.95953297,0.304198027
212,none,0.818846147,0.001,580,440,-1,1123,1304,5,4,9,0.098536729,29.28440948,1.21194458
213,l1,0.29688791,0.01,486,881,8,872,459,5,2,9,0.027269986,88.40830746,1.406636715
214,l1,0.711798705,0.001,976,890,1,877,1239,7,4,8,0.08162002,39.7214343,41.09996915
215,l1,0.827761687,0.001,790,634,4,1231,1119,5,4,8,0.08610066,91.63883515,12.1244545
216,l1,0.329403241,0.001,994,826,4,129,410,10,5,9,0.009375233,35.4280459,1.003689766
217,elasticnet,0.682297932,0.001,907,766,8,964,385,10,3,11,0.010855684,45.59549283,5.414001942
218,none,0.288729099,0.01,131,75,-1,546,909,9,2,8,0.057686575,51.27452177,0.206392765
219,elasticnet,0.827055659,0.001,269,549,2,1172,505,2,2,9,0.001706835,19.63121978,1.09419179
220,l1,0.656188072,0.0001,125,866,8,643,1099,10,5,9,0.069921018,69.20799547,1.106264591
221,l1,0.40872898,0.01,162,58,2,1250,765,6,2,9,0.08967714,51.06156802,3.009803057
222,l2,0.50672991,0.01,929,902,1,1377,758,8,2,9,0.006255721,33.0145233,9.905338764
223,l2,0.278937764,0.0001,960,413,8,1192,878,8,2,7,0.014781466,69.84434925,1.708986759
224,elasticnet,0.226789937,0.001,844,441,2,1015,1108,9,4,9,0.08206703,4.71964627,29.54931641
225,l1,0.852563818,0.0001,175,180,-1,912,1339,3,3,9,0.026241619,3.117571917,1.310240984
226,none,0.401610099,0.01,475,452,1,513,442,9,5,12,0.011187961,31.29288242,1.284116983
227,none,0.559644129,0.0001,753,803,1,309,1192,4,4,8,0.090652565,8.831795683,1.353678703
228,elasticnet,0.494138865,0.01,214,646,2,1045,1332,5,2,6,0.024754634,42.20259659,6.013674259
229,l2,0.528945902,0.001,533,293,8,647,1131,4,3,6,0.059927587,71.16086803,0.607051849
230,l1,0.791422268,0.0001,554,985,-1,187,440,6,4,7,0.004922048,6.799206697,0.308026552
231,elasticnet,0.762018605,0.001,634,192,1,594,383,10,4,8,0.064590065,97.26690406,10.08669853
232,elasticnet,0.324991431,0.001,685,470,4,746,675,8,5,10,0.082261005,87.31238902,5.210977554
233,elasticnet,0.217632489,0.0001,260,580,1,1215,1380,8,3,11,0.072871691,20.67943707,24.6611886
234,l2,0.241853787,0.001,156,580,8,100,1260,9,2,8,0.089135411,54.42871798,0.104826212
235,l1,0.18304183,0.01,340,21,8,815,1164,8,3,11,0.038444881,25.216426,2.207571745
236,l2,0.755631543,0.01,639,295,8,335,621,3,2,5,0.099866413,99.01264386,0.204247236
237,none,0.513909461,0.01,901,547,2,1030,373,2,2,8,0.048922753,48.87943135,0.506233931
238,elasticnet,0.62419851,0.001,428,470,2,774,1254,7,3,8,0.042684088,72.44289785,11.62030196
239,none,0.163933634,0.01,876,139,2,975,608,3,4,9,0.016329503,87.40737566,1.605274916
240,none,0.437866808,0.0001,997,345,4,1124,629,7,2,8,0.012504929,26.83454244,1.906177521
241,elasticnet,0.305799067,0.0001,916,338,2,925,387,9,2,10,0.096204696,46.75981575,12.82156205
242,none,0.30494718,0.01,414,809,1,921,1317,9,3,9,0.01941309,2.803573779,5.694205761
243,l2,0.556395112,0.0001,672,910,4,584,1269,9,5,9,0.086668378,74.61463169,1.906991959
244,elasticnet,0.232956562,0.01,524,638,4,477,959,5,2,8,0.066840938,59.40529605,3.208259344
245,elasticnet,0.491496469,0.01,177,283,2,325,1076,6,3,7,0.063265209,47.40229905,1.404492617
246,l1,0.422098296,0.01,289,156,-1,1116,618,8,5,12,0.086897639,67.8059839,1.612622499
247,none,0.596772493,0.01,826,12,4,170,989,5,3,7,0.025267533,59.61411798,0.403099775
248,l1,0.101253697,0.01,269,491,2,225,1031,10,2,7,0.032128777,42.16707944,1.904563665
249,l1,0.479688218,0.01,402,769,1,227,1065,5,5,8,0.060991271,36.14882612,2.670580387
250,elasticnet,0.353719642,0.001,285,606,2,954,1054,7,4,10,0.095072717,66.06619208,8.015925884
251,none,0.374275254,0.01,221,52,-1,917,1086,9,3,9,0.074555696,53.02091556,0.512044907
252,elasticnet,0.463548587,0.01,797,247,1,1150,1118,2,5,10,0.094933413,56.57038099,6.408285141
253,elasticnet,0.300452392,0.001,581,901,8,1282,1216,7,4,9,0.01093739,17.23597227,6.920648098
254,elasticnet,0.359804714,0.001,944,130,4,482,296,5,3,9,0.08217605,25.80090722,2.007487535
255,elasticnet,0.22645588,0.01,790,10,-1,650,1002,5,2,7,0.021207103,68.65966491,3.71450758
256,none,0.737322644,0.001,434,439,8,691,532,8,3,10,0.02994171,10.77126027,0.304553509
257,l1,0.881766468,0.0001,312,708,2,1280,737,5,4,7,0.051114946,96.29161641,5.111081123
258,l1,0.741425308,0.01,386,29,4,1223,642,2,4,7,0.064824615,68.07701748,1.707395077
259,l2,0.465680344,0.01,857,511,4,1290,1002,7,3,7,0.018407258,5.072274063,2.910791397
260,elasticnet,0.120197504,0.001,497,394,4,575,1328,8,4,10,0.058689004,56.30980973,5.612550735
261,l1,0.117948866,0.001,995,909,-1,270,1327,2,5,8,0.058592147,97.83385702,1.977850437
262,none,0.566911529,0.0001,868,106,4,633,216,3,3,7,0.09734831,9.38728633,0.304306984
263,none,0.20929653,0.01,787,323,1,679,182,3,3,8,0.095961981,7.494732845,0.552066088
264,l2,0.353075527,0.01,450,434,2,1269,343,5,4,9,0.073158887,48.54867769,1.1040411
265,l2,0.189344345,0.01,496,541,1,442,334,10,5,9,0.000849229,86.16927654,0.983980656
266,l1,0.597978872,0.01,686,405,-1,186,1237,5,3,7,0.093549733,11.53123685,1.010829449
267,l1,0.470488266,0.001,371,12,8,1287,152,7,3,8,0.047486718,63.07721521,1.004575014
268,l2,0.402648385,0.01,980,872,2,1050,421,2,3,7,0.009523007,37.65400878,0.724429131
269,none,0.841562799,0.0001,350,426,1,410,1282,6,2,6,0.086280583,32.42564263,1.34764719
270,none,0.482942368,0.001,571,705,1,1058,755,6,5,11,0.063730815,78.80992482,3.440226078
271,l2,0.289769353,0.001,642,103,1,132,1095,2,3,7,0.034140961,69.56097557,0.115317583
272,none,0.290711579,0.0001,865,667,2,463,1206,4,2,8,0.011732969,54.84737957,1.204750776
273,elasticnet,0.60709293,0.001,456,205,-1,792,1252,7,3,10,0.0194063,80.11558916,3.41549921
274,elasticnet,0.270763929,0.01,506,484,1,1038,384,6,5,8,0.005484922,84.65368241,9.347616434
275,l2,0.801637283,0.01,331,207,2,1040,837,9,5,8,0.083277004,35.7788668,1.906282663
276,elasticnet,0.341089528,0.0001,382,626,8,857,613,3,2,5,0.071196107,56.22173534,1.606556654
277,none,0.162170293,0.001,990,818,-1,223,281,9,4,10,0.059626819,7.087431443,0.205543041
278,l2,0.742130592,0.01,994,67,4,1221,867,3,2,8,0.068983875,75.51702702,1.4059484
279,none,0.542835404,0.001,857,400,2,720,877,8,2,7,0.094474142,92.59623776,2.706568718
280,elasticnet,0.37006429,0.0001,502,444,4,642,536,7,5,11,0.003050411,60.80768805,2.806747913
281,l2,0.793245748,0.01,161,165,1,724,1252,6,5,10,0.048997137,42.15536734,1.078270912
282,l2,0.888371034,0.0001,653,458,8,476,561,8,4,12,0.046593065,13.45746542,0.403407812
283,none,0.273856936,0.001,309,834,2,908,922,5,4,9,0.018996851,21.89716205,1.0041821
284,elasticnet,0.893769015,0.0001,995,351,8,1081,203,10,5,12,0.075197281,78.88620431,4.710926771
285,elasticnet,0.694750493,0.01,830,655,8,301,713,10,4,12,0.012632647,55.28381856,2.70764184
286,none,0.393781449,0.001,109,566,1,154,1315,9,5,9,0.002778154,48.30136383,0.246696949
287,l2,0.665763869,0.01,414,961,4,1394,770,9,4,10,0.058435628,30.43108099,1.806378603
288,l1,0.565157466,0.0001,812,952,4,708,1112,7,3,11,0.072265879,85.93360038,7.816357374
289,elasticnet,0.170434168,0.01,167,519,1,1389,625,6,3,9,0.011751209,51.69539445,6.375456095
290,l2,0.199108434,0.0001,357,297,8,902,949,7,5,10,0.058107368,11.09226593,0.604763031
291,elasticnet,0.498013933,0.0001,610,409,-1,1001,157,3,4,7,0.038333314,84.65016208,1.309899569
292,elasticnet,0.723494374,0.001,656,974,8,627,1157,6,2,8,0.060686228,55.17232211,3.710609198
293,l2,0.138157556,0.01,422,937,-1,553,599,9,2,9,0.006985513,67.47834153,0.309149265
294,l1,0.429745169,0.001,121,139,-1,940,1326,8,3,9,0.099476269,11.83940639,1.111268044
295,elasticnet,0.685424128,0.01,454,532,4,589,439,6,2,8,0.086532688,83.11068501,1.906095505
296,none,0.294462618,0.0001,341,716,-1,1078,347,3,4,6,0.01921954,91.86220088,0.309190512
297,l1,0.335969773,0.0001,757,197,-1,1372,796,2,3,7,0.071579655,89.39485357,4.497043848
298,elasticnet,0.673572848,0.0001,835,235,1,1143,759,3,3,9,0.060582344,78.35524853,15.09924126
299,none,0.376617027,0.0001,217,6,-1,641,1030,4,5,7,0.083380687,89.08955509,0.210282087
300,elasticnet,0.783731428,0.01,551,995,8,1279,1042,10,3,11,0.001405435,87.02821433,10.72367287
301,l1,0.892994019,0.01,711,396,1,680,230,5,5,9,0.002277423,9.767341017,3.339199543
302,l2,0.491635802,0.001,440,458,2,567,1110,7,3,8,0.081839165,33.32559246,1.405166388
303,elasticnet,0.815775895,0.01,201,319,2,1079,355,8,5,9,0.029462863,49.18840156,2.706287146
304,l2,0.134282577,0.001,750,813,1,754,1175,2,3,5,0.029415201,69.41289653,0.814182997
305,elasticnet,0.613016754,0.01,258,227,8,937,804,2,4,10,0.00366191,82.65143132,1.319390059
306,l1,0.281466715,0.0001,892,700,-1,738,1096,7,3,9,0.03622265,47.7389276,4.615325689
307,l2,0.877080931,0.0001,641,668,4,974,383,6,3,10,0.042383715,29.16431527,0.803846836
308,none,0.392578295,0.0001,344,386,4,553,451,9,4,9,0.003597341,13.68887959,0.402998209
309,elasticnet,0.239063064,0.001,842,277,8,1282,1168,4,5,9,0.040898893,16.47897145,9.021778107
310,none,0.393696254,0.001,683,171,-1,281,131,8,2,9,0.057549664,37.13461869,0.109110594
311,none,0.247142322,0.001,359,77,-1,704,984,6,5,8,0.001557712,96.63148771,0.40781188
312,l1,0.579850541,0.0001,681,334,2,374,206,3,2,7,0.027331495,15.38450537,0.702687025
313,l2,0.652432408,0.001,551,526,2,388,583,2,2,7,4.66E-05,13.13317376,0.157842636
314,none,0.134734519,0.001,672,484,1,406,257,5,3,10,0.02696018,74.95448318,0.480047226
315,l2,0.346099398,0.0001,160,662,4,408,1124,7,3,8,0.001384157,52.33695153,0.203747988
316,elasticnet,0.462585601,0.01,702,958,4,839,675,4,4,9,0.069997669,93.87227078,2.90717268
317,l1,0.847349997,0.01,751,121,4,1158,277,7,4,9,0.077979658,9.820737254,3.808417559
318,none,0.123373794,0.0001,240,861,-1,805,778,4,3,8,0.089699907,26.43608205,0.207129955
319,elasticnet,0.349062805,0.0001,252,201,1,660,1154,6,4,9,0.073082871,23.0080145,7.969527245
320,l1,0.54042361,0.0001,815,456,1,720,1296,7,4,7,0.020566394,5.291228077,29.96365619
321,l2,0.697877474,0.001,976,651,-1,426,612,9,3,7,0.062130149,72.59091625,0.509681702
322,l1,0.827720721,0.001,980,456,4,282,1382,7,5,10,0.024003017,13.70065944,4.509458303
323,l2,0.622948357,0.001,920,580,8,430,474,5,2,6,0.037872669,51.56433159,0.30401969
324,l1,0.228755026,0.0001,260,438,4,472,1179,2,3,7,0.053775719,43.34923581,0.803941965
325,l2,0.66502846,0.0001,105,791,8,259,256,3,5,9,0.05774605,20.1439508,0.103420258
326,elasticnet,0.6280542,0.001,440,100,-1,1253,1162,10,5,9,0.011787754,22.02807023,5.124667406
327,none,0.167939456,0.001,304,277,-1,1101,183,3,4,8,0.07795426,26.29085106,0.207325459
328,none,0.790417493,0.001,140,307,4,898,113,3,2,5,0.010081869,81.53665617,0.102447748
329,l2,0.278199676,0.0001,531,153,2,1061,155,2,3,6,0.002331292,18.10173502,0.171776772
330,l1,0.670523902,0.0001,184,805,4,237,597,7,3,11,0.070408485,63.87336386,0.402719736
331,none,0.160946293,0.001,446,208,2,271,1022,3,3,8,0.070279346,23.64263127,0.402471542
332,l1,0.812275368,0.0001,117,225,-1,392,126,3,3,10,0.025006391,28.94660984,0.107126951
333,elasticnet,0.730113493,0.0001,429,32,4,594,998,2,2,6,0.083108029,17.91948459,1.758459806
334,elasticnet,0.751374208,0.001,142,17,-1,173,110,8,3,7,0.093446552,57.11143268,0.109240294
335,l1,0.76252413,0.0001,751,984,2,397,936,3,5,8,0.014940994,46.13613644,3.207522869
336,l1,0.255320008,0.01,942,676,2,1325,1302,8,3,11,0.072365162,59.06337407,38.47280598
337,l2,0.868867749,0.01,357,728,4,158,1342,6,3,11,0.086973891,55.42254319,0.203179598
338,l2,0.268362319,0.001,938,875,1,293,397,4,4,11,0.00969305,28.58063694,0.569721699
339,none,0.885730131,0.0001,939,339,8,1010,818,9,2,11,0.077462032,88.01789116,2.008093119
340,elasticnet,0.290611652,0.0001,384,691,1,770,650,6,5,7,0.095862953,43.6384905,8.024935484
341,elasticnet,0.631983901,0.0001,249,733,-1,549,1297,7,4,8,0.063202506,11.99585957,1.410487652
342,l2,0.822497949,0.0001,115,269,1,568,808,6,4,8,0.013674742,79.28700157,0.400645494
343,none,0.121738277,0.0001,149,137,2,852,172,4,4,9,0.005317384,59.70862688,0.202147961
344,l1,0.87023869,0.01,130,318,1,1255,296,3,4,10,0.094446883,17.74413125,0.904775143
345,none,0.766306436,0.01,442,649,1,480,816,5,4,9,0.019681678,18.46323089,1.074191093
346,elasticnet,0.183814455,0.001,736,499,8,1343,313,10,5,9,0.09064271,69.20797022,5.612504005
347,l1,0.356638319,0.01,994,219,-1,1185,1016,6,4,9,0.013481369,52.49144978,7.623729944
348,l1,0.438023236,0.001,919,779,2,191,225,3,2,8,0.016894434,86.81045795,0.50312829
349,l1,0.456965326,0.0001,156,992,-1,650,1026,7,4,8,0.004895978,60.8015828,0.710521221
350,l1,0.112475242,0.01,947,356,2,868,544,10,2,10,0.065059271,99.4329263,14.72393608
351,elasticnet,0.301176837,0.001,422,210,4,658,1100,10,3,9,0.051568182,66.01300105,6.814491987
352,l1,0.482994983,0.001,473,741,2,335,685,4,5,9,0.021545681,60.38409762,1.404172659
353,l1,0.274418956,0.001,304,903,1,638,171,4,4,9,0.009661837,90.93098671,1.10080719
354,elasticnet,0.322158622,0.001,966,645,-1,356,848,5,3,7,0.026063837,78.79817313,2.311634064
355,none,0.103143565,0.001,755,902,-1,1320,1318,4,3,6,0.031493107,33.09503413,1.713663578
356,elasticnet,0.320434193,0.001,354,736,4,862,814,9,4,12,0.03617376,20.18511889,5.311689138
357,elasticnet,0.801803763,0.001,222,531,1,808,1309,4,5,10,0.090469138,27.31029965,6.488284349
358,elasticnet,0.495551136,0.0001,306,696,8,615,397,9,3,9,0.017299491,84.29905541,1.105173588
359,l1,0.892151208,0.001,637,142,-1,972,1203,2,3,8,0.044198219,74.5657625,4.20106864
360,l2,0.870685698,0.001,689,9,1,1178,345,2,5,7,0.063153769,31.18143793,0.506038904
361,l1,0.395686662,0.01,296,23,4,1161,1328,3,2,9,0.058619144,42.77164874,2.810519934
362,l2,0.18573814,0.001,829,311,2,624,435,2,3,6,0.087855925,52.49879554,0.292137861
363,none,0.840789331,0.001,296,751,1,1063,1129,8,5,11,0.05029472,79.3373414,3.606372356
364,none,0.232343919,0.0001,925,364,4,762,365,7,3,9,0.041488095,53.88052148,0.903944254
365,l2,0.878409046,0.01,419,538,8,454,852,7,4,10,0.035148611,4.199950628,0.303991556
366,l1,0.868018564,0.001,696,319,1,255,411,4,4,10,0.025839971,99.74843745,1.617977858
367,l2,0.640507077,0.0001,612,713,-1,330,284,9,2,9,0.075052956,62.63181645,0.208250999
368,none,0.234004179,0.0001,729,491,2,937,152,3,3,10,0.084404563,84.5329847,0.502442122
369,elasticnet,0.164719456,0.001,570,132,4,547,946,2,4,9,0.028852088,60.46247491,2.042329788
370,l2,0.717233382,0.0001,143,348,8,1397,207,5,4,10,0.037022539,91.98383481,0.20519495
371,l1,0.818497862,0.01,925,326,2,1074,537,4,5,9,0.043891219,63.82716619,7.413642168
372,elasticnet,0.804644351,0.01,625,304,2,642,510,5,2,9,0.074613488,92.40808958,4.509355545
373,elasticnet,0.42112414,0.0001,165,860,4,1249,1147,9,5,10,0.094028672,88.51921067,5.113521099
374,l1,0.705531462,0.001,696,341,2,638,414,8,2,8,0.043019917,73.34466194,4.909555435
375,l2,0.811409533,0.01,638,404,1,854,1136,7,3,11,0.016519153,68.82229801,5.338888168
376,l1,0.560600965,0.01,490,95,1,1226,1061,5,2,8,0.083225976,92.57630534,18.01468039
377,none,0.658072413,0.01,805,840,1,1271,449,5,4,7,0.00350325,59.38825129,3.894527197
378,elasticnet,0.430324653,0.0001,171,97,-1,660,130,4,3,9,0.080122224,4.887383655,0.210915565
379,l2,0.430765267,0.01,385,791,1,515,409,7,5,11,0.00912172,69.63722052,0.745907307
380,l1,0.537686897,0.0001,204,211,1,171,665,3,4,10,0.080305291,1.527627275,0.38492012
381,l1,0.326555364,0.001,997,399,1,878,1343,3,3,7,0.064168504,2.41475583,19.2956233
382,l2,0.390702467,0.001,538,719,2,148,781,9,2,7,0.016063999,34.89607056,0.402235031
383,l1,0.365149465,0.001,629,349,4,117,666,4,3,9,0.097529974,30.91335589,0.40267086
384,l2,0.808419962,0.001,317,719,2,1357,661,8,2,9,0.028231135,44.91701559,1.806305408
385,none,0.519566453,0.01,633,20,2,461,1022,2,4,9,0.019937454,6.576915964,0.366270542
386,none,0.382556424,0.01,701,493,2,1310,1363,6,3,8,0.096826198,33.87567326,5.315027475
387,l1,0.428173457,0.001,152,935,-1,854,158,7,5,10,0.033749639,29.52829448,0.309691429
388,l2,0.276567215,0.001,663,399,8,799,1061,9,2,9,0.091548111,59.87994131,1.507054567
389,l1,0.4534371,0.001,833,47,4,454,1063,4,2,9,0.037097374,92.77979665,2.50687027
390,l2,0.33192476,0.0001,441,206,4,136,761,8,2,8,0.072644353,19.89852085,0.202464342
391,l1,0.631305892,0.01,623,207,1,898,438,6,2,9,0.03405744,33.22328279,8.424505711
392,none,0.584271568,0.0001,460,412,8,125,147,7,3,10,0.060383872,21.73260639,0.103274584
393,elasticnet,0.266942973,0.01,419,589,1,689,669,3,3,7,0.007094612,50.40439901,3.711245537
394,elasticnet,0.7994462,0.01,857,324,2,842,483,2,3,8,0.062917231,23.10898068,2.339582682
395,none,0.147925189,0.0001,268,751,4,1122,1300,5,5,8,0.050965232,70.96673914,1.005507231
396,l1,0.245183649,0.0001,362,53,2,1096,1126,3,2,8,0.08538192,89.5425414,5.111740589
397,none,0.283562997,0.01,789,566,2,420,1345,7,5,10,0.08524183,64.50676131,2.206224918
398,l2,0.535966856,0.01,691,46,8,1210,679,8,2,8,0.026511326,31.22347973,1.006346226
399,l2,0.397531623,0.001,400,515,1,756,632,2,2,6,0.079974642,97.12458362,0.242921829